names,wkt_geom,type,reason
затока,POINT(30.4503 46.0642),landmark,no_polygon_in_group
Крыжановка|5ая крыжановка,POINT(30.78901 46.56594),landmark,no_polygon_in_group
Куяльник,"LINESTRING(30.72792 46.55968, 30.72769 46.55997, 30.72744 46.56028, 30.72737 46.56036, 30.72749 46.56041, 30.72746 46.56048, 30.72724 46.561, 30.72719 46.56112, 30.72711 46.56118, 30.72731 46.5614, 30.7271 46.56149, 30.7269 46.56158, 30.7267 46.56136, 30.7269 46.56127, 30.72711 46.56118)",street,no_polygon_in_group
Александровка|Олександрівка,POINT(30.63125 46.32795),town,no_polygon_in_group
Сергеевка|Сергіївка,POINT(30.37273 46.02756),town,no_polygon_in_group
Черноморское|Чорноморське,POINT(30.93341 46.58491),town,no_polygon_in_group
Адамовка|Адамівка,POINT(30.50695 46.88606),village,no_polygon_in_group
Великий Буялык|Великий Буялик,"LINESTRING(30.64375 46.90704, 30.63995 46.90912, 30.63992 46.90915, 30.63748 46.90979, 30.63735 46.90967, 30.63597 46.91008, 30.63601 46.91018, 30.63436 46.91061, 30.63679 46.91455, 30.63483 46.91522, 30.6353 46.91653, 30.63675 46.91806, 30.63569 46.91838, 30.63759 46.92207, 30.64178 46.92127, 30.64205 46.92315, 30.64224 46.92423, 30.64187 46.92729, 30.64268 46.93078, 30.64134 46.93091, 30.64134 46.9362, 30.64261 46.94174, 30.64366 46.94627, 30.6457 46.95138, 30.64576 46.95299, 30.64677 46.95323, 30.6472 46.9558, 30.64656 46.95801, 30.64736 46.9581, 30.6496 46.95813, 30.65008 46.95861, 30.65153 46.95947, 30.65134 46.95961, 30.64951 46.95925, 30.64747 46.9612, 30.6493 46.96194, 30.65055 46.96232, 30.65089 46.9621, 30.65277 46.96045, 30.65643 46.95931, 30.65475 46.9575, 30.6554 46.95612, 30.65521 46.95408, 30.65454 46.95206, 30.65421 46.95078, 30.65417 46.94854, 30.65378 46.94669, 30.65577 46.94624, 30.6564 46.94612, 30.65832 46.94552, 30.66096 46.94506, 30.6611 46.94522, 30.66104 46.9446, 30.66126 46.94397, 30.66201 46.94403, 30.66203 46.94385, 30.66227 46.94165, 30.66238 46.94038, 30.66269 46.93945, 30.66259 46.93892, 30.66204 46.93768, 30.66201 46.93714, 30.66242 46.93708, 30.66227 46.93569, 30.66189 46.9349, 30.66172 46.93411, 30.66162 46.93281, 30.66188 46.93063, 30.66095 46.927, 30.65804 46.92486, 30.66327 46.92346, 30.66285 46.92256, 30.66246 46.92222, 30.66153 46.92217, 30.65893 46.92097, 30.65726 46.91988, 30.65625 46.91876, 30.65681 46.91822, 30.65649 46.91755, 30.65595 46.91677, 30.65364 46.9173, 30.65346 46.91732)",village,no_polygon_in_group
Граденицы|Градениці,POINT(29.99595 46.58822),village,no_polygon_in_group
Долиновка|Долинівка,POINT(29.52404 45.9922),village,no_polygon_in_group
Калиновка|Калинівка,POINT(31.52673 46.9227),village,no_polygon_in_group
Кошары|Кошари,POINT(30.16715 46.96627),village,no_polygon_in_group
Луговое|Лугове,POINT(31.28733 46.64089),village,no_polygon_in_group
Марьяновка|Мар’янівка,POINT(31.1152 46.83225),village,no_polygon_in_group
Николаевка|Миколаївка,POINT(30.28834 46.63956),village,no_polygon_in_group
Нововладимировка|Нововолодимирівка,POINT(29.5203 46.93763),village,no_polygon_in_group
Новодмитровка|Новодмитрівка,POINT(30.30029 46.78974),village,no_polygon_in_group
Покровка,POINT(30.12935 46.77578),village,no_polygon_in_group
Приозёрное|Приозерне,POINT(29.9303 46.79791),village,no_polygon_in_group
Ройлянка,POINT(29.78668 46.28849),village,no_polygon_in_group
Садовое|Садове,POINT(32.18076 46.35761),village,no_polygon_in_group
Ульяновка|Улянівка,POINT(30.76103 46.92432),village,no_polygon_in_group
Шеметово|Шеметове,POINT(30.45719 46.83781),village,no_polygon_in_group
Элеваторное|Елеваторне,POINT(31.52698 46.76924),village,no_polygon_in_group
Căuşeni,"POLYGON((29.38911 46.59334, 29.39009 46.59056, 29.39068 46.5902, 29.39079 46.58907, 29.39105 46.5882, 29.39117 46.58017, 29.38849 46.57261, 29.39756 46.56527, 29.40199 46.56157, 29.39214 46.55552, 29.38767 46.55266, 29.38363 46.54981, 29.38264 46.54899, 29.38546 46.54837, 29.38618 46.54814, 29.38688 46.54782, 29.38966 46.54526, 29.39629 46.53861, 29.39718 46.53799, 29.40145 46.5356, 29.40671 46.53888, 29.41399 46.54311, 29.41568 46.54395, 29.41955 46.54612, 29.42837 46.55098, 29.42669 46.55274, 29.42518 46.55465, 29.42374 46.55641, 29.4214 46.55943, 29.41833 46.56352, 29.41711 46.56539, 29.41612 46.5667, 29.41431 46.56885, 29.41265 46.57071, 29.40647 46.57835, 29.41312 46.58274, 29.41635 46.58481, 29.4199 46.58687, 29.42506 46.58992, 29.42988 46.59289, 29.42797 46.59578, 29.4527 46.59534, 29.45618 46.59697, 29.45573 46.59758, 29.45735 46.59808, 29.45718 46.59852, 29.45712 46.59866, 29.46653 46.60693, 29.47836 46.61146, 29.47702 46.61321, 29.48494 46.61166, 29.48682 46.6091, 29.49492 46.59804, 29.49652 46.59945, 29.49694 46.5998, 29.49863 46.60124, 29.50163 46.60384, 29.49477 46.61254, 29.49417 46.61348, 29.49347 46.61433, 29.49112 46.61703, 29.49037 46.61808, 29.48989 46.61921, 29.48523 46.62515, 29.48344 46.62692, 29.47948 46.63111, 29.47834 46.63162, 29.47449 46.63673, 29.47574 46.63721, 29.47082 46.64325, 29.46643 46.64881, 29.46377 46.65235, 29.46332 46.65267, 29.46291 46.65331, 29.45796 46.65967, 29.45649 46.66179, 29.45628 46.66209, 29.45399 46.66471, 29.4539 46.66482, 29.4538 46.66494, 29.45208 46.66736, 29.45087 46.66678, 29.44775 46.66553, 29.4414 46.66232, 29.4379 46.66048, 29.43354 46.65846, 29.4265 46.65539, 29.41552 46.65063, 29.41378 46.65193, 29.41292 46.65276, 29.41249 46.65268, 29.41213 46.65281, 29.41189 46.65297, 29.41238 46.65327, 29.41266 46.65346, 29.41284 46.65358, 29.41685 46.65653, 29.41687 46.65652, 29.41686 46.65644, 29.41728 46.65643, 29.41842 46.65616, 29.42389 46.65788, 29.42343 46.6583, 29.42352 46.65833, 29.42357 46.65836, 29.42285 46.65898, 29.42295 46.6591, 29.42278 46.65924, 29.42337 46.65957, 29.42346 46.65959, 29.42392 46.65989, 29.42386 46.65993, 29.42463 46.66036, 29.42467 46.66051, 29.42469 46.6606, 29.42446 46.66112, 29.42445 46.66114, 29.42456 46.66121, 29.42704 46.66273, 29.42763 46.66228, 29.42771 46.66221, 29.4279 46.66207, 29.42791 46.66204, 29.42764 46.66188, 29.42751 46.6618, 29.42791 46.66128, 29.4278 46.66124, 29.42818 46.66085, 29.4294 46.6603, 29.4298 46.65996, 29.43006 46.65972, 29.43033 46.65946, 29.43061 46.65919, 29.43064 46.65916, 29.43067 46.65913, 29.43105 46.65933, 29.43145 46.65956, 29.43186 46.65979, 29.43222 46.66, 29.43235 46.66007, 29.43239 46.66028, 29.43242 46.66052, 29.43241 46.6609, 29.43238 46.66116, 29.43237 46.66136, 29.43235 46.66202, 29.43235 46.6629, 29.43197 46.66268, 29.43056 46.6638, 29.43158 46.66442, 29.43646 46.66649, 29.43574 46.66738, 29.43992 46.66897, 29.439 46.67, 29.43913 46.67015, 29.4393 46.67035, 29.43936 46.67042, 29.43941 46.67047, 29.43995 46.67111, 29.44017 46.67138, 29.44034 46.67158, 29.44042 46.67167, 29.44055 46.67182, 29.44067 46.67197, 29.44078 46.6721, 29.44088 46.67222, 29.44098 46.67233, 29.44099 46.67235, 29.44109 46.67239, 29.44122 46.67245, 29.44134 46.6725, 29.44137 46.67244, 29.44146 46.67256, 29.44131 46.67273, 29.44129 46.67275, 29.44122 46.67287, 29.4412 46.6729, 29.44119 46.67294, 29.44112 46.67304, 29.44108 46.67313, 29.44103 46.6732, 29.441 46.67326, 29.4417 46.67338, 29.4424 46.67346, 29.44295 46.67354, 29.44342 46.67362, 29.4447 46.67394, 29.44538 46.67411, 29.44646 46.67443, 29.44736 46.67465, 29.44868 46.67503, 29.44883 46.67505, 29.44944 46.67504, 29.45 46.675, 29.45041 46.67492, 29.45054 46.67493, 29.45079 46.675, 29.45219 46.67537, 29.45269 46.67548, 29.45282 46.67547, 29.45289 46.6754, 29.45289 46.67537, 29.45324 46.67546, 29.45364 46.67557, 29.45654 46.67696, 29.46053 46.67825, 29.46058 46.67854, 29.46175 46.67892, 29.46155 46.67929, 29.46106 46.68024, 29.46087 46.68034, 29.46069 46.6803, 29.46035 46.68021, 29.46017 46.68016, 29.45981 46.68005, 29.45839 46.67955, 29.45835 46.67954, 29.45804 46.67988, 29.45773 46.67978, 29.45768 46.67976, 29.45761 46.67974, 29.45711 46.67952, 29.45703 46.67949, 29.45701 46.67948, 29.45691 46.67944, 29.4568 46.6794, 29.4566 46.67934, 29.45648 46.6793, 29.45643 46.67928, 29.45638 46.67926, 29.456 46.67914, 29.45567 46.67902, 29.45554 46.67898, 29.45554 46.67899, 29.4555 46.67898, 29.45483 46.67874, 29.45478 46.67872, 29.45473 46.67871, 29.45467 46.67869, 29.45458 46.67866, 29.45437 46.67859, 29.4543 46.67856, 29.45411 46.6785, 29.45402 46.67858, 29.45388 46.67873, 29.45383 46.67878, 29.45374 46.67888, 29.45373 46.67888, 29.45373 46.67889, 29.45353 46.6788, 29.45346 46.67877, 29.45321 46.67868, 29.45318 46.67872, 29.45242 46.67974, 29.45235 46.67984, 29.45193 46.67969, 29.44816 46.6783, 29.44796 46.67823, 29.44689 46.6779, 29.44573 46.67746, 29.44544 46.67734, 29.44451 46.67693, 29.44439 46.67688, 29.44419 46.67679, 29.44403 46.67672, 29.44372 46.67659, 29.4434 46.67645, 29.44325 46.67639, 29.44293 46.67625, 29.44262 46.67611, 29.44199 46.67584, 29.44167 46.67571, 29.44135 46.67557, 29.4412 46.6755, 29.44106 46.67544, 29.4407 46.67591, 29.44061 46.67602, 29.43928 46.67562, 29.43922 46.6756, 29.43881 46.67548, 29.43869 46.67544, 29.43835 46.67534, 29.43773 46.67515, 29.4371 46.67496, 29.43646 46.67477, 29.43629 46.67472, 29.43561 46.67465, 29.43552 46.67479, 29.43534 46.67473, 29.43277 46.67386, 29.43223 46.67392, 29.43216 46.67393, 29.43164 46.674, 29.43073 46.67445, 29.42944 46.67498, 29.42909 46.67513, 29.42866 46.67512, 29.42862 46.67512, 29.42823 46.67512, 29.42765 46.67514, 29.42739 46.67515, 29.4264 46.67542, 29.4235 46.67449, 29.42344 46.67447, 29.42234 46.67412, 29.42027 46.67267, 29.41942 46.67208, 29.41757 46.67061, 29.41677 46.67, 29.41673 46.66996, 29.41674 46.66986, 29.41675 46.66971, 29.41706 46.66934, 29.41698 46.66923, 29.41658 46.66908, 29.41409 46.6682, 29.41076 46.66702, 29.40943 46.66655, 29.40876 46.66631, 29.40809 46.66608, 29.40798 46.66604, 29.40742 46.66584, 29.40724 46.66578, 29.40655 46.66553, 29.40636 46.66541, 29.40607 46.66531, 29.40555 46.66514, 29.40537 46.66508, 29.40503 46.66496, 29.4048 46.66489, 29.4045 46.66479, 29.40421 46.66469, 29.40391 46.6646, 29.40362 46.6645, 29.40309 46.66433, 29.40256 46.66416, 29.40242 46.66411, 29.40199 46.66404, 29.40184 46.66402, 29.40173 46.66408, 29.40077 46.66377, 29.40091 46.66312, 29.40094 46.66296, 29.401 46.66274, 29.40102 46.66262, 29.40107 46.66242, 29.40109 46.66232, 29.40095 46.66217, 29.40038 46.66208, 29.40006 46.66202, 29.39996 46.66199, 29.39993 46.66207, 29.39936 46.66375, 29.3992 46.66457, 29.39864 46.66578, 29.39851 46.66605, 29.39878 46.66613, 29.39824 46.66669, 29.39805 46.6668, 29.39545 46.66865, 29.39096 46.67481, 29.39077 46.67501, 29.38879 46.67635, 29.3868 46.67771, 29.38459 46.67921, 29.38081 46.68143, 29.37562 46.68206, 29.3744 46.68251, 29.37396 46.6822, 29.3737 46.68181, 29.37323 46.6817, 29.37221 46.68144, 29.36942 46.68081, 29.36939 46.68048, 29.36938 46.68042, 29.36949 46.68011, 29.36943 46.67883, 29.36948 46.67875, 29.37026 46.67901, 29.37277 46.67958, 29.37449 46.67782, 29.37271 46.67684, 29.37298 46.67654, 29.37231 46.67622, 29.37401 46.67439, 29.37328 46.67381, 29.3703 46.67267, 29.36796 46.67173, 29.36253 46.66931, 29.36193 46.66889, 29.36185 46.66829, 29.36173 46.66216, 29.36187 46.66122, 29.35461 46.65948, 29.35379 46.6594, 29.35155 46.65869, 29.3512 46.65868, 29.3506 46.65863, 29.34925 46.65833, 29.34325 46.6569, 29.3425 46.65685, 29.34207 46.65675, 29.3416 46.65656, 29.33411 46.66205, 29.3227 46.6706, 29.31295 46.67788, 29.31188 46.67869, 29.31085 46.67946, 29.29945 46.67308, 29.30859 46.66606, 29.31314 46.66181, 29.31577 46.65935, 29.31914 46.65653, 29.32036 46.65563, 29.32766 46.65158, 29.33395 46.64947, 29.34059 46.6443, 29.34225 46.64505, 29.34227 46.64533, 29.34461 46.64568, 29.3484 46.64638, 29.35101 46.64682, 29.35347 46.64736, 29.35923 46.64882, 29.36118 46.64897, 29.36508 46.64991, 29.3694 46.6401, 29.36824 46.63821, 29.37349 46.63698, 29.37137 46.63421, 29.37259 46.63202, 29.3732 46.63091, 29.37459 46.62762, 29.37618 46.62384, 29.3769 46.6219, 29.37792 46.61923, 29.37884 46.61783, 29.37946 46.61631, 29.38049 46.61386, 29.38142 46.61175, 29.38247 46.60944, 29.38662 46.59999, 29.38699 46.59794, 29.38911 46.59334))",town,latin_only_name_settlement
