names,wkt_geom,type
Єлизаветівка|Елизаветовка,"POLYGON((31.317161 46.9928704, 31.3143404 46.9928058, 31.312097 46.9909677, 31.3072614 46.9910096, 31.3056906 46.9947857, 31.3010056 46.9942246, 31.3024931 46.9891809, 31.3053527 46.9895766, 31.3117193 46.9893389, 31.3117758 46.9871889, 31.3144151 46.9871661, 31.314445 46.9857536, 31.3178691 46.9858885, 31.317808 46.9880081, 31.3173756 46.9911799, 31.317161 46.9928704))",village
Іванівка|Ивановка,"POLYGON((30.4839507 46.9559041, 30.4830273 46.9585959, 30.4815652 46.9623642, 30.481432 46.9630403, 30.4806824 46.9650149, 30.4794249 46.968411, 30.4788276 46.9699184, 30.4783004 46.9714125, 30.4778059 46.9724896, 30.476698 46.975492, 30.4764915 46.9765812, 30.4764371 46.9770514, 30.4762965 46.9775805, 30.4761559 46.977862, 30.4759746 46.9780352, 30.4755665 46.9782951, 30.4751992 46.9784498, 30.4749044 46.9787004, 30.4744918 46.9790918, 30.4740524 46.9794447, 30.4732856 46.9801606, 30.4731133 46.9804112, 30.4731315 46.980637, 30.4731723 46.9816146, 30.4731678 46.982224, 30.4732993 46.9824746, 30.4738388 46.9831087, 30.4743739 46.9837336, 30.4743966 46.9838666, 30.4742152 46.9841945, 30.4733355 46.9851442, 30.472932 46.9856236, 30.4728866 46.9858494, 30.4729818 46.986035, 30.4732856 46.9864434, 30.4747321 46.9877982, 30.4701919 46.9892568, 30.4681965 46.9892699, 30.4681517 46.9923579, 30.4680809 46.9936398, 30.4679625 46.9943121, 30.4671817 46.9971789, 30.4650512 46.9970918, 30.463929 46.9971574, 30.4624348 46.9970393, 30.4606585 46.9971443, 30.4597736 46.9971369, 30.4589796 46.9970368, 30.4582462 46.9968909, 30.4565932 46.9963387, 30.4550332 46.9955845, 30.4540656 46.9954633, 30.4534337 46.9952747, 30.4528281 46.9949694, 30.452453 46.994507, 30.4521633 46.9938829, 30.4507216 46.9940128, 30.4500267 46.9896621, 30.4498685 46.9881064, 30.4493193 46.985941, 30.4487514 46.982969, 30.4486863 46.9822069, 30.4492634 46.982226, 30.448798 46.9810575, 30.4483791 46.9804097, 30.4477461 46.9797428, 30.4470107 46.9791712, 30.4464429 46.9788346, 30.4458564 46.9785298, 30.4448883 46.9781741, 30.4451024 46.9781297, 30.4467221 46.9783392, 30.4534524 46.9793046, 30.4545298 46.9792635, 30.4552619 46.9791688, 30.4560252 46.9792196, 30.4564348 46.9790735, 30.4575798 46.9776509, 30.4588085 46.9758725, 30.459246 46.9752056, 30.4601583 46.9734018, 30.4602514 46.9730651, 30.4602979 46.9698955, 30.4599628 46.9690443, 30.459758 46.9688474, 30.458641 46.9685488, 30.4569095 46.9679009, 30.4562114 46.9675515, 30.4561742 46.9673101, 30.4582314 46.9631936, 30.4581942 46.9627298, 30.4578863 46.9622597, 30.4593974 46.9625829, 30.4605213 46.9627362, 30.4607448 46.9626981, 30.4611078 46.9624503, 30.4616012 46.9616943, 30.4617408 46.9605317, 30.4617687 46.9601949, 30.4619363 46.9600043, 30.4635095 46.9587019, 30.4640121 46.9579585, 30.465185 46.9573804, 30.4657063 46.9572787, 30.4666093 46.9572596, 30.4669071 46.9568403, 30.4673912 46.9566052, 30.4682476 46.9561986, 30.4686758 46.9559254, 30.4694764 46.9554933, 30.4705282 46.9552836, 30.4716639 46.9549087, 30.4721107 46.954572, 30.4732836 46.9534664, 30.4740283 46.9525959, 30.4755829 46.9485354, 30.4769047 46.944786, 30.4776378 46.9428914, 30.4782638 46.9410554, 30.4786269 46.940064, 30.47845 46.9393775, 30.4781521 46.939028, 30.4779287 46.9389009, 30.4774446 46.9385894, 30.4771747 46.9382589, 30.4772399 46.9380365, 30.4793995 46.9357419, 30.4778077 46.9353923, 30.4772678 46.9353224, 30.476188 46.9354051, 30.4752478 46.9356212, 30.4750523 46.9357928, 30.474801 46.936511, 30.4745031 46.936689, 30.4737863 46.9366572, 30.4733581 46.9370767, 30.4724552 46.9374136, 30.4716732 46.9377949, 30.4711426 46.9379348, 30.4707517 46.9380047, 30.4695322 46.9378076, 30.4686758 46.9378712, 30.4677822 46.9382716, 30.4657529 46.9392822, 30.4650733 46.9400449, 30.4646544 46.9408203, 30.4644217 46.9408457, 30.4638353 46.9407758, 30.463165 46.940941, 30.4621783 46.9416973, 30.461942 46.9418167, 30.461735 46.9416998, 30.461927 46.9413033, 30.4626996 46.9397335, 30.4638259 46.9386276, 30.4648499 46.9372038, 30.4654271 46.9368225, 30.4671678 46.9351127, 30.4689644 46.933816, 30.4692436 46.933727, 30.4696439 46.9332439, 30.4715615 46.9327354, 30.4720735 46.9324684, 30.4724272 46.9321379, 30.472753 46.9314068, 30.4733023 46.9304851, 30.4740749 46.930091, 30.4765324 46.9304788, 30.4771095 46.9303071, 30.4790271 46.9275228, 30.4794088 46.926779, 30.4799859 46.9265565, 30.4816243 46.9239245, 30.4841004 46.9243695, 30.4900766 46.9253613, 30.4958387 46.9263721, 30.5011726 46.9272494, 30.4934729 46.9322612, 30.4871781 46.9347959, 30.4869411 46.9350297, 30.4884156 46.9405846, 30.4868842 46.9441683, 30.4861767 46.9486803, 30.4858044 46.9504468, 30.4839507 46.9559041))",town
Іванівка|Ивановка,"POLYGON((31.6314333 46.905754, 31.6312894 46.9057903, 31.6288522 46.9059598, 31.628175 46.9060439, 31.6240799 46.9062794, 31.6236528 46.9054128, 31.6228373 46.9024856, 31.622658 46.9012804, 31.6226044 46.9009203, 31.6222031 46.8978868, 31.6222549 46.8962859, 31.6223583 46.896233, 31.6230405 46.8958841, 31.624148 46.895951, 31.62769 46.8960385, 31.6294198 46.8961761, 31.6304174 46.8963888, 31.6306737 46.8964951, 31.6312686 46.9004225, 31.6315249 46.9018358, 31.6320283 46.90263, 31.6321106 46.9029926, 31.6321747 46.9036305, 31.6319276 46.9054439, 31.6315732 46.9057398, 31.6314333 46.905754))",village
Іванівка|Ивановка,"POLYGON((31.6440924 46.6510609, 31.6467689 46.6508819, 31.6499446 46.6503811, 31.6529726 46.6502463, 31.6547596 46.6500263, 31.6566452 46.6499755, 31.6583952 46.6497979, 31.6594058 46.6494679, 31.6604164 46.6492141, 31.6613777 46.6488927, 31.6621048 46.648605, 31.6630538 46.6481651, 31.6641383 46.6478182, 31.663972 46.6473356, 31.6649008 46.6471708, 31.6657229 46.6470105, 31.6661236 46.6469431, 31.6668184 46.646797, 31.6672814 46.6466969, 31.6677465 46.6466076, 31.6681423 46.6465481, 31.6688026 46.6464328, 31.6695234 46.6462794, 31.6706563 46.646129, 31.670785 46.6466446, 31.6706992 46.6470202, 31.6722012 46.6466814, 31.6742182 46.6462837, 31.6775656 46.6455324, 31.6794324 46.6451494, 31.6828871 46.6445601, 31.683594 46.6448182, 31.6835725 46.645076, 31.6836476 46.6456947, 31.6836798 46.6459966, 31.6837871 46.6462029, 31.6835296 46.6463944, 31.683433 46.6465785, 31.6833794 46.646991, 31.6833258 46.6472119, 31.6832077 46.6472635, 31.6827786 46.6472487, 31.6822207 46.6472266, 31.680913 46.6470349, 31.679132 46.6472264, 31.6793681 46.6480366, 31.6786171 46.6505996, 31.6771642 46.6539215, 31.6771217 46.6552722, 31.6779003 46.6559038, 31.6786223 46.6557969, 31.6799672 46.6556705, 31.6803828 46.6558208, 31.680825 46.6564886, 31.6812377 46.656954, 31.6810225 46.6577023, 31.6805597 46.6590685, 31.6806776 46.659463, 31.680107 46.6594665, 31.6758577 46.6590697, 31.6762763 46.6560353, 31.6749616 46.656501, 31.672815 46.6574833, 31.6683758 46.6593442, 31.6648567 46.6609494, 31.6638911 46.6612292, 31.6609299 46.6615532, 31.6584194 46.6616858, 31.6563595 46.6616121, 31.6536987 46.6611114, 31.6540849 46.6581513, 31.6533983 46.6581513, 31.6507375 46.6583575, 31.6491497 46.6580924, 31.6476906 46.6582838, 31.6462958 46.6581365, 31.6460383 46.6574885, 31.6464368 46.6566694, 31.6470653 46.654673, 31.647928 46.6522452, 31.6445983 46.6521471, 31.6445861 46.6517433, 31.6439508 46.6515905, 31.643788 46.6511241, 31.6440924 46.6510609))",village
Адамовка|Адамівка,POINT(30.506952 46.8860638),village
Адамовка|Адамівка,POINT(30.221548 46.012848),village
Александровка|Олександрівка,POINT(30.6312513 46.3279486),town
Александровка|Олександрівка,POINT(30.8964195 46.9735338),village
Александровка|Олександрівка,POINT(30.374535 46.752388),village
Александровка|Олександрівка,POINT(32.1118946 46.6139617),village
Александровка|Олександрівка,POINT(30.87364 46.60881),village
Александровка|Олександрівка,POINT(32.020412 46.304314),village
Алексеевка|Олексіївка,POINT(32.2413019 46.2918924),village
Алексеевка|Олексіївка,"POLYGON((30.0734548 46.1143586, 30.0662463 46.1177104, 30.0658727 46.1178227, 30.0653336 46.1178937, 30.0647964 46.117889, 30.0645909 46.1218125, 30.0639013 46.1244945, 30.0636244 46.1283398, 30.059169 46.1284432, 30.0579295 46.1284484, 30.0577213 46.1270808, 30.0574918 46.1263205, 30.0574208 46.1255445, 30.0567377 46.1192877, 30.057278 46.1182666, 30.057217 46.117858, 30.0576191 46.1173015, 30.0587694 46.1164413, 30.0596404 46.1152226, 30.0590212 46.1142483, 30.0589003 46.112616, 30.0596513 46.1105, 30.05992 46.1100599, 30.0611037 46.1101548, 30.0612815 46.1110855, 30.061398 46.1112952, 30.0669626 46.1111493, 30.0742273 46.1132861, 30.0734548 46.1143586))",village
Андреевка|Андріївка,POINT(31.379957 46.879642),village
Андреевка|Андріївка,"POLYGON((30.0744538 46.2103996, 30.0792843 46.2082971, 30.0819611 46.2112372, 30.0829511 46.2118237, 30.0867856 46.2137065, 30.0882425 46.2144214, 30.0892912 46.2149037, 30.0936971 46.2277173, 30.0936467 46.2278345, 30.0924594 46.2280913, 30.0915003 46.2284431, 30.0908772 46.2285232, 30.0902118 46.2284934, 30.0876511 46.229043, 30.0854203 46.2292828, 30.0851557 46.229233, 30.0849787 46.2290969, 30.0839455 46.2263641, 30.0816347 46.2265639, 30.0750518 46.2276723, 30.0739038 46.2246366, 30.0776562 46.2225345, 30.0750727 46.2171096, 30.0739569 46.2173471, 30.071942 46.2146122, 30.0744538 46.2103996))",village
Благодатне|Благодатное,"POLYGON((29.6403973 46.2636673, 29.6401911 46.2633445, 29.6401262 46.2629286, 29.6407508 46.2617797, 29.6388499 46.2616773, 29.6387004 46.2614272, 29.6385942 46.259972, 29.638784 46.2582672, 29.6388083 46.2572105, 29.6389584 46.2563917, 29.6399808 46.2557389, 29.6400505 46.2550701, 29.6394744 46.2549904, 29.6400869 46.2503921, 29.6423703 46.2503376, 29.6428372 46.250325, 29.6461074 46.2505214, 29.6491718 46.2507991, 29.6493562 46.2508656, 29.6497143 46.2513526, 29.6498281 46.2519064, 29.64954 46.2531152, 29.6511412 46.2532937, 29.6513204 46.2536638, 29.6516461 46.254573, 29.6512382 46.2567687, 29.6506343 46.2567222, 29.6505172 46.25747, 29.6507113 46.2585178, 29.6503343 46.2600931, 29.6501649 46.2613839, 29.6500296 46.2620523, 29.6487853 46.2619072, 29.6482277 46.261777, 29.6483646 46.2619503, 29.6484261 46.2624633, 29.6485725 46.2628614, 29.648585 46.2640149, 29.6484831 46.264147, 29.644034 46.2641828, 29.6432992 46.2638372, 29.6403973 46.2636673))",village
Благодатне|Благодатное,"POLYGON((31.6955866 46.766924, 31.6971229 46.7604568, 31.6979564 46.7571869, 31.6981843 46.7570507, 31.6988546 46.7570124, 31.7048197 46.7580922, 31.7072063 46.7585242, 31.708966 46.7586964, 31.7115357 46.7590025, 31.7105301 46.7647237, 31.7100715 46.7649942, 31.7023884 46.7660224, 31.696175 46.7669971, 31.6955866 46.766924))",village
Благодатное|Благодатне,POINT(30.8274849 46.7541669),village
Благодатное|Благодатне,POINT(30.2647158 46.7184223),village
Благодатное|Благодатне,POINT(30.17429 45.98362),village
Вапнярка,"POLYGON((30.8887428 46.5864847, 30.8875331 46.5864573, 30.8856565 46.5861188, 30.8861709 46.5848131, 30.885087 46.5846266, 30.8799689 46.58363, 30.8801101 46.5830298, 30.8791205 46.5827526, 30.8795197 46.5802678, 30.8810127 46.5777133, 30.8759584 46.5769831, 30.8769828 46.5742899, 30.8796699 46.5746617, 30.8811604 46.5704423, 30.8851695 46.5706899, 30.8852939 46.5691559, 30.885076 46.5691086, 30.8852667 46.568546, 30.885214 46.5685436, 30.8852869 46.5683387, 30.8853525 46.5678022, 30.8921358 46.5695931, 30.8937407 46.5712617, 30.8920956 46.5739299, 30.8916986 46.5748813, 30.8913392 46.5759249, 30.8908778 46.577374, 30.8904755 46.5778018, 30.8896762 46.5789522, 30.8891934 46.5861585, 30.8887428 46.5864847))",village
Вапнярка,"POLYGON((30.0337807 46.9558614, 30.0338743 46.956766, 30.0338457 46.9578177, 30.0340299 46.9589669, 30.0343235 46.9597613, 30.0345006 46.9628918, 30.0326374 46.962973, 30.0299118 46.9628713, 30.0295883 46.9598868, 30.0294763 46.95818, 30.0291898 46.956593, 30.0292576 46.9555566, 30.0314156 46.9554078, 30.031487 46.9558736, 30.0337807 46.9558614))",village
Василевка|Василівка,POINT(30.3029761 46.6129353),village
Василевка|Василівка,"POLYGON((31.7838328 46.524762, 31.7881547 46.5250986, 31.7892245 46.526718, 31.791386 46.5257295, 31.7927431 46.5260637, 31.7921805 46.5267155, 31.7907429 46.5275718, 31.7895412 46.5279261, 31.7897382 46.5282224, 31.7908098 46.5298482, 31.7918634 46.5297113, 31.7925024 46.5291662, 31.7927906 46.5285827, 31.793694 46.5283046, 31.7960714 46.5276013, 31.7982111 46.5262437, 31.7996613 46.5260801, 31.7999466 46.5269634, 31.7984726 46.5278303, 31.7957148 46.5289425, 31.7937654 46.5296622, 31.7927431 46.530709, 31.791911 46.5314123, 31.7903181 46.5318539, 31.7872037 46.5327698, 31.784592 46.5330931, 31.7843746 46.5326062, 31.783067 46.5296949, 31.782113 46.5274311, 31.7820304 46.5262944, 31.7838328 46.524762))",village
Василевка|Василівка,"POLYGON((31.4142878 46.8038572, 31.4134828 46.803487, 31.4141683 46.801998, 31.4123907 46.8014684, 31.4130655 46.8002823, 31.4138673 46.8001893, 31.4145926 46.7994733, 31.4164362 46.7961522, 31.4175893 46.7944146, 31.4200938 46.7951826, 31.421624 46.7957144, 31.4216322 46.7959701, 31.4248871 46.7976507, 31.4244363 46.7982221, 31.4238552 46.7986042, 31.4233961 46.7998931, 31.4222213 46.80198, 31.4212024 46.8039848, 31.4205501 46.8044807, 31.4200438 46.8049912, 31.4188301 46.8056646, 31.4163173 46.8091042, 31.4153218 46.8105157, 31.4138513 46.8098845, 31.4140133 46.8092322, 31.4120169 46.8087869, 31.4116536 46.8079609, 31.4123803 46.8066197, 31.4142878 46.8038572))",village
Великий Буялык|Великий Буялик,"LINESTRING(30.6437498 46.907045, 30.6399491 46.9091175, 30.6399201 46.9091491, 30.637483 46.9097919, 30.6373524 46.9096742, 30.6359654 46.9100755, 30.636012 46.9101799, 30.6343625 46.9106149, 30.6367926 46.9145543, 30.6348346 46.9152175, 30.6353028 46.9165292, 30.63675 46.9180597, 30.6356901 46.9183847, 30.6375891 46.9220738, 30.6417833 46.9212698, 30.6420464 46.9231456, 30.6422375 46.924231, 30.6418727 46.9272949, 30.642678 46.9307817, 30.6413356 46.9309087, 30.6413407 46.936196, 30.6426088 46.9417424, 30.643665 46.9462737, 30.6456975 46.9513752, 30.6457619 46.9529864, 30.6467651 46.9532251, 30.6471996 46.9557985, 30.6465559 46.95801, 30.6473609 46.9580985, 30.6496047 46.9581297, 30.6500779 46.958609, 30.651528 46.9594737, 30.6513449 46.9596091, 30.6495131 46.9592549, 30.6474707 46.9611972, 30.6492962 46.9619419, 30.6505492 46.9623217, 30.6508885 46.9621039, 30.6527732 46.9604455, 30.6564264 46.9593135, 30.6547527 46.9574974, 30.6553953 46.9561203, 30.655211 46.9540769, 30.6545426 46.9520617, 30.654207 46.9507848, 30.6541709 46.9485353, 30.6537838 46.9466901, 30.6557711 46.94624, 30.6563993 46.9461154, 30.6583163 46.9455159, 30.6609582 46.945063, 30.6610958 46.945217, 30.6610381 46.9446046, 30.6612598 46.9439689, 30.6620075 46.9440336, 30.6620277 46.9438489, 30.6622686 46.9416523, 30.6623842 46.9403768, 30.6626899 46.9394509, 30.6625867 46.9389166, 30.6620435 46.9376839, 30.6620098 46.937139, 30.6624203 46.9370834, 30.6622686 46.9356855, 30.6618895 46.9348959, 30.6617211 46.9341075, 30.6616241 46.9328118, 30.661882 46.9306322, 30.660954 46.9269963, 30.6580357 46.9248641, 30.663266 46.9234617, 30.6628518 46.9225551, 30.662456 46.9222189, 30.6615298 46.9221742, 30.6589253 46.9209666, 30.6572635 46.9198771, 30.6562547 46.9187601, 30.6568073 46.9182222, 30.6564877 46.9175493, 30.6559543 46.9167668, 30.6536407 46.9172975, 30.6534621 46.9173183)",village
Великий Буялык|Великий Буялик,"LINESTRING(30.6420761 46.8994082, 30.6421727 46.9023318, 30.6423819 46.9030428, 30.6437498 46.907045)",village
Великий Буялык|Великий Буялик,POINT(30.6505389 46.9341506),village
Веселе|Весёлое,"POLYGON((30.1007898 46.3221811, 30.1017815 46.3207008, 30.1014268 46.3205919, 30.1024357 46.3192626, 30.1048072 46.3143457, 30.1090043 46.3151075, 30.1090078 46.3165674, 30.1098667 46.3175672, 30.1079655 46.3200518, 30.1075404 46.3204934, 30.105667 46.3227661, 30.1045058 46.3228427, 30.1007898 46.3221811))",village
Весёлое|Веселе,POINT(30.320552 46.9137583),village
Весёлое|Веселе,POINT(30.0633869 45.9054613),village
Виноградне|Виноградное,"POLYGON((31.2344221 46.6981048, 31.2341926 46.6988707, 31.2338414 46.6995426, 31.2326037 46.7016246, 31.2306577 46.7010982, 31.2304711 46.7013408, 31.2217718 46.6987311, 31.2203629 46.6984595, 31.2198532 46.6983137, 31.2194109 46.6980231, 31.2188498 46.697697, 31.2180854 46.6974146, 31.2187028 46.696408, 31.2190053 46.6962709, 31.219583 46.6952605, 31.2199961 46.6953665, 31.2209785 46.6939184, 31.2246137 46.6949063, 31.2252719 46.694566, 31.2272032 46.6950728, 31.2273731 46.6951174, 31.2274661 46.6951418, 31.2276308 46.6951943, 31.2276313 46.6959154, 31.2289186 46.6963059, 31.2292798 46.6964155, 31.2294079 46.6964544, 31.2321849 46.697287, 31.2324448 46.6973002, 31.2333852 46.6973366, 31.2344221 46.6981048))",village
Виноградное|Виноградне,POINT(32.166779 46.485085),village
Владимировка|Володимирівка,POINT(29.8312158 46.8455527),village
Владимировка|Володимирівка,POINT(30.07336 46.821125),village
Владимировка|Володимирівка,POINT(29.7369 46.42239),village
Владимировка|Володимирівка,"POLYGON((31.7688668 46.8446009, 31.7611727 46.8438831, 31.7608892 46.844897, 31.7606089 46.8448583, 31.7575572 46.8444745, 31.7578695 46.8434631, 31.7545221 46.8430521, 31.7545449 46.8429265, 31.7554228 46.8393355, 31.7551304 46.8386525, 31.7550773 46.8382552, 31.7553734 46.8379091, 31.7557361 46.8368951, 31.7551883 46.8367443, 31.7553257 46.8362591, 31.7588136 46.8367113, 31.7593286 46.8353608, 31.7605302 46.8350085, 31.7655943 46.8351259, 31.7697571 46.8360947, 31.7698 46.83677, 31.7688668 46.8446009))",village
Вузовский,"POLYGON((30.7269208 46.4116273, 30.7270084 46.4111854, 30.7271387 46.4110231, 30.7273131 46.411062, 30.7274615 46.4114803, 30.7269208 46.4116273))",street
Граденицы|Grădinița|Гредініца,POINT(29.5840794 46.6516508),village
Граденицы|Градениці,POINT(29.995955 46.588223),village
Дмитровка|Дмитрівка,POINT(31.03191 46.797981),village
Дмитровка|Дмитрівка,"POLYGON((31.3286905 46.9503236, 31.3322533 46.9508323, 31.3335233 46.95129, 31.3350878 46.9530302, 31.3360947 46.9538529, 31.335653 46.9569433, 31.3358423 46.9581923, 31.3367579 46.9597369, 31.3363444 46.9615507, 31.3364778 46.9633373, 31.3363352 46.9637655, 31.3301295 46.9630165, 31.3303526 46.9638387, 31.3299064 46.9647218, 31.3288801 46.9660616, 31.32801 46.9676298, 31.3270507 46.9684976, 31.3242173 46.9704615, 31.3237934 46.9707356, 31.3222317 46.9701266, 31.3211998 46.9698427, 31.3208823 46.9691543, 31.3209757 46.9681855, 31.3218723 46.9670765, 31.3234601 46.9660695, 31.3255149 46.9647309, 31.3276952 46.9620873, 31.3277378 46.9609701, 31.3276071 46.9588027, 31.3277565 46.9560997, 31.3272895 46.9546589, 31.327672 46.9535161, 31.327962 46.9510377, 31.3286905 46.9503236))",village
Дмитровка|Дмитрівка,"POLYGON((31.7522541 46.6276404, 31.7551812 46.6275399, 31.7556918 46.627919, 31.7547262 46.6320227, 31.7541468 46.6322732, 31.7540395 46.6323837, 31.7534387 46.6349474, 31.7531812 46.6351316, 31.752972 46.6351058, 31.7528111 46.6350542, 31.7450917 46.6349437, 31.7447859 46.6350579, 31.7447537 46.6352163, 31.7446196 46.6362035, 31.7443997 46.6366528, 31.7443728 46.6368849, 31.7438257 46.636907, 31.7436379 46.6372864, 31.7436379 46.6377284, 31.7422646 46.6377136, 31.7425865 46.6357872, 31.7427313 46.6349143, 31.7423344 46.6348995, 31.7393035 46.6348701, 31.7390513 46.6349474, 31.7388153 46.6350763, 31.7384269 46.6364185, 31.737839 46.6363766, 31.7352426 46.6363103, 31.7336976 46.6362735, 31.7335474 46.6364061, 31.7335904 46.6368407, 31.7334509 46.6371943, 31.7332148 46.6375552, 31.7331397 46.6377836, 31.7333174 46.6383514, 31.729254 46.6392545, 31.7274301 46.638179, 31.7249196 46.6358217, 31.7233961 46.6342157, 31.7212289 46.6318582, 31.7205184 46.6315117, 31.7212404 46.6311569, 31.7222738 46.6307631, 31.7235409 46.6303451, 31.7248079 46.6300049, 31.7258413 46.6297132, 31.726174 46.6297667, 31.7278233 46.629232, 31.7285878 46.6289452, 31.7293735 46.6288188, 31.7301238 46.6286147, 31.7298123 46.6282744, 31.7306688 46.6280848, 31.7337054 46.6275501, 31.735468 46.6276376, 31.7367704 46.6276279, 31.7391487 46.627273, 31.7427169 46.6270389, 31.7453543 46.6271066, 31.7462909 46.6274706, 31.7483861 46.627606, 31.7510604 46.6275806, 31.7522541 46.6276404))",village
Днепровское|Дніпровське,POINT(32.469334 46.590935),village
Днепровское|Дніпровське,"POLYGON((31.8661525 46.6364423, 31.8658955 46.6359616, 31.865736 46.6358338, 31.8639635 46.6355843, 31.862519 46.6354687, 31.8633101 46.6344568, 31.8634415 46.6343581, 31.8639483 46.6336941, 31.8651545 46.6338063, 31.8652761 46.6335698, 31.8656924 46.6321451, 31.8658146 46.6318851, 31.8674851 46.6319921, 31.8694246 46.6321184, 31.8708827 46.6323712, 31.8723126 46.6329739, 31.8743653 46.6337613, 31.8760075 46.6342959, 31.8773807 46.6352, 31.8795184 46.6356374, 31.8815711 46.6362887, 31.883369 46.6371635, 31.8842468 46.637669, 31.8836239 46.6390589, 31.8831001 46.6396227, 31.8825338 46.6395741, 31.8813305 46.6394088, 31.8790229 46.6386798, 31.8785793 46.6401033, 31.8780905 46.6400603, 31.874506 46.6389933, 31.8736676 46.6387014, 31.8663643 46.6367602, 31.8661525 46.6364423))",village
Долиновка|Долинівка,POINT(29.52404 45.992199),village
Долиновка|Долинівка,POINT(30.121416 46.036606),village
Дослидное|Дослідне,"POLYGON((30.3932061 46.5989803, 30.3938599 46.5962308, 30.3945879 46.5933661, 30.392262 46.5930912, 30.3925587 46.5915003, 30.3935151 46.5915309, 30.3935929 46.5910723, 30.3934484 46.5906749, 30.3929702 46.5899642, 30.3924002 46.5866355, 30.3933745 46.5857224, 30.3975375 46.5858441, 30.4002794 46.5840795, 30.4019073 46.5842145, 30.4023918 46.5840452, 30.404867 46.5843404, 30.4012804 46.5895083, 30.4007879 46.5914569, 30.4003742 46.5934902, 30.4000632 46.5938291, 30.3992312 46.5961782, 30.398848 46.5977556, 30.398878 46.5991557, 30.3982167 46.5995854, 30.3932061 46.5989803))",village
Дослидное|Дослідне,"POLYGON((32.2526991 46.6651803, 32.2519196 46.663833, 32.2521671 46.6626937, 32.2568386 46.6631712, 32.2563225 46.6655503, 32.2539961 46.6653089, 32.2535356 46.6652736, 32.2526991 46.6651803))",village
Елизаветовка|Єлизаветівка,POINT(30.500677 46.695496),village
Железнодорожный вокзал,"POLYGON((30.7415166 46.4687279, 30.741497 46.4685212, 30.7415442 46.4685191, 30.7415639 46.4687257, 30.7415166 46.4687279))",infrastructure
Заречное|Зарічне,POINT(29.6987075 45.8375254),village
Заречное|Зарічне,"POLYGON((31.917764 46.888735, 31.9171917 46.8919129, 31.9167301 46.8938655, 31.9165495 46.8948547, 31.9163795 46.8960564, 31.9159485 46.8975596, 31.9155911 46.8987089, 31.9150622 46.9004859, 31.9124109 46.9008173, 31.9088883 46.9002653, 31.9082394 46.8988628, 31.9087181 46.8972331, 31.90869 46.8958446, 31.9100104 46.8938545, 31.9121267 46.892965, 31.91311 46.8906997, 31.9142898 46.8883319, 31.9147426 46.8862981, 31.9181427 46.8868559, 31.917764 46.888735))",village
Зелений Гай|Зелёный Гай,"POLYGON((32.240823 46.9482963, 32.2410418 46.9456724, 32.2406987 46.9456018, 32.2363934 46.9450821, 32.2363049 46.9454142, 32.2325958 46.9450115, 32.2325201 46.9455421, 32.2318605 46.9454777, 32.2309488 46.9442829, 32.2295465 46.9441299, 32.2269909 46.94447, 32.2251302 46.9443141, 32.2248343 46.9452201, 32.2238484 46.9451064, 32.2250351 46.9414221, 32.2282517 46.9416564, 32.2289696 46.9408844, 32.2303565 46.9358313, 32.234371 46.9363698, 32.2348158 46.9353297, 32.2354921 46.9350393, 32.2390061 46.9354181, 32.2425668 46.9355323, 32.2459486 46.9354232, 32.2480519 46.9357626, 32.2495053 46.9363259, 32.2499801 46.9366871, 32.2504032 46.9380186, 32.2517805 46.9381797, 32.2514817 46.9391071, 32.2510719 46.9390645, 32.2505839 46.9393653, 32.248529 46.9446307, 32.2535659 46.9454806, 32.2522194 46.9488107, 32.2472897 46.9483836, 32.246599 46.9491281, 32.2469386 46.9515756, 32.2403407 46.9514072, 32.240823 46.9482963))",village
Зелёный Гай|Зелений Гай,POINT(32.4172135 46.8304007),village
Ивановка|Іванівка,POINT(32.096561 46.385651),village
Калиновка|Калинівка,POINT(31.526735 46.922699),village
Калиновка|Калинівка,POINT(31.0355634 46.8905651),village
Каменка|Кам’янка,POINT(30.1110048 46.8004954),village
Каменка|Кам’янка,POINT(30.24193 46.63147),village
Каменка|Кам’янка,"POLYGON((31.6705917 46.8236343, 31.6699337 46.8231712, 31.6693904 46.8224695, 31.6690728 46.8218568, 31.6691149 46.8212363, 31.669398 46.8208775, 31.6698453 46.8204734, 31.6699102 46.8199994, 31.6696586 46.8195828, 31.6692906 46.8194181, 31.6687549 46.8190144, 31.6685546 46.8184256, 31.668625 46.8177739, 31.6689875 46.8171702, 31.6691688 46.8166407, 31.6692608 46.8161778, 31.6692311 46.8154315, 31.669204 46.8153075, 31.6690471 46.8152186, 31.6685587 46.8148817, 31.6684898 46.8146093, 31.6678317 46.8129333, 31.6683597 46.8115244, 31.6691136 46.8108371, 31.669347 46.8101143, 31.6693355 46.8089986, 31.6691786 46.8087655, 31.6688304 46.8086084, 31.6686003 46.8082952, 31.6685678 46.8075841, 31.6683405 46.8056358, 31.6680591 46.8044505, 31.6685786 46.8036578, 31.6695419 46.8033615, 31.6710246 46.8028355, 31.6737304 46.8032948, 31.6751453 46.8033844, 31.6754543 46.8068643, 31.6774034 46.8069334, 31.677585 46.8085854, 31.6775536 46.8112071, 31.6779554 46.813458, 31.6779999 46.8147153, 31.6784334 46.8150106, 31.6790128 46.8149665, 31.6798067 46.8148197, 31.6812007 46.814877, 31.6813516 46.8151427, 31.6809468 46.8169066, 31.6782649 46.816765, 31.6787544 46.818432, 31.6792933 46.8215311, 31.6779955 46.8218401, 31.6767608 46.8238269, 31.6753462 46.8242593, 31.6753074 46.8246607, 31.6755809 46.8250131, 31.6756856 46.8253939, 31.6762008 46.8263917, 31.6770395 46.8281534, 31.6769978 46.8283516, 31.6758989 46.8286317, 31.6745215 46.8288642, 31.6734162 46.8291627, 31.6729628 46.8287877, 31.6721935 46.8281515, 31.6710679 46.8255894, 31.6705917 46.8236343))",village
Каменка|Кам’янка,"POLYGON((29.6433454 46.1768797, 29.6431393 46.1775746, 29.645055 46.1777982, 29.6451005 46.1780732, 29.6448935 46.1795375, 29.6442254 46.1817741, 29.6422298 46.1816228, 29.6417969 46.183418, 29.6404985 46.1832585, 29.6405657 46.1829344, 29.6402687 46.1828976, 29.6404776 46.1820867, 29.6418866 46.1822547, 29.6427346 46.1788733, 29.6410925 46.1786485, 29.6415414 46.1766731, 29.6433454 46.1768797))",village
Киселёвка|Киселівка,"POLYGON((32.4740946 46.9955631, 32.4742877 46.9956509, 32.47491 46.9957241, 32.4813795 46.9964266, 32.4828493 46.9965144, 32.4825919 46.9975681, 32.4826133 46.9978242, 32.4830854 46.9979486, 32.4832892 46.9981974, 32.4832248 46.9984608, 32.4829459 46.9994413, 32.4820232 47.004007, 32.4811456 47.0087417, 32.4772787 47.0084157, 32.4754548 47.0082694, 32.47509 47.0105373, 32.4748754 47.0111664, 32.473824 47.0111664, 32.4717212 47.0107129, 32.472558 47.0076988, 32.4681163 47.0069233, 32.4668932 47.006777, 32.466507 47.007611, 32.4657989 47.0074793, 32.4636745 47.0066892, 32.4606061 47.0057966, 32.4588037 47.0055478, 32.4549627 47.0050211, 32.4527698 47.004384, 32.4528193 47.0041826, 32.4539137 47.0005681, 32.4554586 46.9958704, 32.4556732 46.9952704, 32.4561023 46.9950948, 32.4582052 46.9954167, 32.4619174 46.9960314, 32.4632263 46.9961778, 32.4641919 46.9959436, 32.4657345 46.9962114, 32.464962 46.9982018, 32.4688673 46.9983042, 32.4702191 46.9973383, 32.4713993 46.995626, 32.4740946 46.9955631))",village
Киселёвка|Киселівка,POINT(32.408802 46.753563),village
Константиновка|Костянтинівка,POINT(29.927944 46.052296),village
Константиновка|Костянтинівка,POINT(29.8489316 46.8528628),village
Константиновка|Костянтинівка,"POLYGON((32.3072605 46.9820366, 32.3090489 46.9819953, 32.3120411 46.9822394, 32.3124801 46.9814739, 32.3152934 46.9815071, 32.3156512 46.9822283, 32.3155048 46.9833155, 32.3192288 46.9838813, 32.3211477 46.9842918, 32.3212453 46.985856, 32.3215705 46.9868877, 32.3223024 46.9871436, 32.3217109 46.9890221, 32.3215354 46.9902324, 32.3209504 46.9915093, 32.3192735 46.9914694, 32.3186691 46.9913896, 32.3184156 46.9920014, 32.3179476 46.9920546, 32.3174858 46.9922883, 32.3144551 46.9919724, 32.3121858 46.9917614, 32.310555 46.9914394, 32.3096108 46.9913809, 32.3092031 46.9911613, 32.3089671 46.9907369, 32.3086453 46.9905466, 32.3079157 46.9902978, 32.3076582 46.9895659, 32.3077226 46.9891268, 32.3068428 46.9890683, 32.3054481 46.9888487, 32.3053586 46.9884463, 32.3055558 46.9876561, 32.3059871 46.9861764, 32.3059502 46.9846715, 32.3063445 46.9834188, 32.3068375 46.9825275, 32.3072605 46.9820366))",village
Кошары|Кошари,POINT(30.167148 46.9662706),village
Кошары|Кошари,POINT(31.15498 46.665642),village
Красне|Красное,"POLYGON((31.4008854 46.8179767, 31.4034228 46.8167139, 31.4038655 46.8163837, 31.4049832 46.8160255, 31.4050762 46.815853, 31.4050041 46.8156305, 31.4050192 46.8155125, 31.4050709 46.8154071, 31.4055987 46.8150921, 31.4058188 46.8150255, 31.4059823 46.8150004, 31.4061305 46.8149998, 31.4063925 46.8150313, 31.4069621 46.8151763, 31.4073957 46.8153019, 31.407904 46.8154792, 31.4086001 46.8157927, 31.4097188 46.816404, 31.4108446 46.8168606, 31.4111512 46.8168226, 31.4116802 46.815829, 31.4118788 46.8158851, 31.4137008 46.816389, 31.4138936 46.8165555, 31.4133709 46.8173917, 31.4129318 46.8180617, 31.4113933 46.8202013, 31.4089245 46.8233896, 31.4070126 46.8239612, 31.4063673 46.8241833, 31.4054332 46.8242264, 31.4041659 46.8239472, 31.4026609 46.8244459, 31.4024599 46.824558, 31.4013053 46.8252098, 31.4004912 46.8254627, 31.3991174 46.8257916, 31.3974831 46.8251333, 31.3960529 46.8284267, 31.3949002 46.8313652, 31.394545 46.8325433, 31.3935994 46.8335642, 31.3929389 46.8338791, 31.3898626 46.8334709, 31.3889072 46.8327126, 31.3896434 46.8305797, 31.3900116 46.8300612, 31.3902933 46.8293666, 31.3904526 46.8291322, 31.3906159 46.8282973, 31.3910306 46.8271593, 31.3913574 46.8266397, 31.3915288 46.8262451, 31.3918146 46.8255444, 31.3925851 46.8226145, 31.393315 46.8221139, 31.3943636 46.8216015, 31.3990493 46.8190275, 31.4008854 46.8179767))",village
Красное|Красне,POINT(29.8288743 46.6409687),town
Крива Балка|Кривая Балка,"POLYGON((31.8041844 46.9622901, 31.8035399 46.9614504, 31.8054117 46.9576967, 31.8079998 46.9534538, 31.8110039 46.949952, 31.8145394 46.9500782, 31.8197388 46.9527124, 31.8188376 46.954274, 31.8152096 46.9602044, 31.812529 46.9642103, 31.8111656 46.9645414, 31.807739 46.9632603, 31.8041844 46.9622901))",village
Кривая Балка|Крива Балка,POINT(29.892509 46.194962),village
Куяльник,"LINESTRING(30.7262933 46.5615421, 30.7262248 46.5615228)",street
Лимани|Лиманы,"POLYGON((31.9628346 46.747567, 31.9588435 46.7469494, 31.9593563 46.7431926, 31.9563115 46.7428324, 31.9535566 46.7420813, 31.9523204 46.7417442, 31.9527495 46.7407149, 31.9551528 46.7376268, 31.9577277 46.7350091, 31.958498 46.7335752, 31.960603 46.7320383, 31.9633475 46.7295453, 31.9665682 46.7266845, 31.9673815 46.7258682, 31.9689264 46.7256328, 31.9708169 46.7227718, 31.9701731 46.7220952, 31.9699156 46.7214185, 31.9715893 46.7185941, 31.9718018 46.7177776, 31.9727051 46.7162697, 31.97369 46.7152472, 31.9741192 46.7143351, 31.9743788 46.7132979, 31.9754496 46.711628, 31.9768229 46.7096858, 31.982316 46.7107452, 31.9881954 46.7116574, 31.9897833 46.7126579, 31.9891372 46.7153614, 31.9889271 46.7162403, 31.9881954 46.7176011, 31.9832623 46.7189471, 31.9812882 46.7190943, 31.981889 46.723066, 31.9835627 46.7252725, 31.9831765 46.7275965, 31.9815886 46.7274788, 31.9806788 46.7283859, 31.9762662 46.7304599, 31.975662 46.7312587, 31.9754864 46.7322205, 31.9749759 46.7323191, 31.9735902 46.7320886, 31.9728339 46.7327736, 31.9703856 46.7367223, 31.9703884 46.7371413, 31.9708576 46.7377812, 31.970171 46.7395164, 31.9709533 46.73972, 31.9725412 46.7400711, 31.9714619 46.7430051, 31.9715464 46.74692, 31.9665682 46.7463613, 31.9659674 46.7482139, 31.9628346 46.747567))",village
Лиманы|Лимани,POINT(31.4695438 46.6955978),village
Луговое|Лугове,POINT(31.2873321 46.6408904),village
Луговое|Лугове,POINT(29.824789 46.252781),village
МЕТРО,"POLYGON((30.766853 46.5574748, 30.767404 46.5566841, 30.7684621 46.5570492, 30.7677754 46.5577878, 30.766853 46.5574748))",street
Маразлиевка|Маразліївка,POINT(29.900669 45.87719),village
Маразлиевка|Маразліївка,"POLYGON((30.0460678 46.1149219, 30.0466886 46.1108143, 30.0469808 46.1085808, 30.0474478 46.1064012, 30.0459317 46.1062541, 30.046219 46.1046791, 30.0471204 46.1047827, 30.0470558 46.1029062, 30.0464016 46.1026571, 30.0463258 46.1022726, 30.0462481 46.1013686, 30.0463086 46.1005004, 30.0461963 46.0998897, 30.0461531 46.0992131, 30.045892 46.0985615, 30.0457214 46.0982252, 30.0457102 46.0981345, 30.0456844 46.0979258, 30.0454059 46.0959491, 30.046131 46.0909944, 30.0474388 46.0909388, 30.0471524 46.0835171, 30.0471908 46.0822653, 30.0475038 46.0811602, 30.0500404 46.0814832, 30.0515325 46.0817386, 30.052288 46.0819646, 30.0524824 46.0891359, 30.0520354 46.0913184, 30.0519901 46.0922019, 30.0538315 46.0922443, 30.0524747 46.0969962, 30.0532577 46.0977097, 30.0537506 46.1016775, 30.0557485 46.1057369, 30.0560174 46.1087377, 30.0555357 46.1114642, 30.0530886 46.1161474, 30.047762 46.115092, 30.0460678 46.1149219))",village
Марковка|Марківка,POINT(29.94903 46.930176),village
Марковка|Марківка,"POLYGON((31.3372242 46.9360228, 31.3359689 46.9358836, 31.3337589 46.9350416, 31.3341452 46.9332614, 31.3347567 46.931591, 31.3345314 46.9302942, 31.3344563 46.9288288, 31.3357545 46.9276859, 31.3364411 46.9265282, 31.3376428 46.9245498, 31.3382113 46.9235381, 31.3391232 46.9236041, 31.340872 46.9240071, 31.3418806 46.9242567, 31.3432218 46.9248796, 31.3433505 46.9252166, 31.3411402 46.9286379, 31.3377285 46.9334294, 31.3375354 46.9343378, 31.3374603 46.9349459, 31.3375354 46.9357004, 31.3372242 46.9360228))",village
Марьяновка|Мар’янівка,POINT(31.1152032 46.8322542),village
Марьяновка|Мар’янівка,POINT(30.465425 46.388741),village
Мирне|Мирное,"POLYGON((31.6129081 46.9483349, 31.6130708 46.9446904, 31.6130549 46.9419755, 31.6132189 46.9418263, 31.6147692 46.9418225, 31.6152398 46.9418595, 31.6158447 46.9420734, 31.6169289 46.9421324, 31.6176352 46.9419554, 31.6181474 46.942048, 31.6210101 46.9426226, 31.6225502 46.9429618, 31.6240878 46.9431386, 31.6237417 46.9442303, 31.6232171 46.9460119, 31.622378 46.9487875, 31.622063 46.949862, 31.619779 46.9497465, 31.6175554 46.9497906, 31.6147087 46.9499378, 31.613659 46.9494832, 31.6129081 46.9483349))",village
Мирне|Мирное,"POLYGON((32.3014676 46.8133915, 32.303431 46.8123599, 32.3036939 46.812213, 32.3067892 46.8108161, 32.3082402 46.8101203, 32.3098925 46.8093034, 32.3116949 46.808503, 32.3133793 46.8078366, 32.3136932 46.8076989, 32.3155023 46.8067075, 32.3192856 46.8094539, 32.3193794 46.8096485, 32.3191783 46.8099386, 32.3182932 46.8106784, 32.3178104 46.811141, 32.3149967 46.812984, 32.3135483 46.8138761, 32.3139346 46.8141809, 32.3133659 46.8149151, 32.3125827 46.8152675, 32.311188 46.8152528, 32.3095679 46.8146911, 32.3083985 46.8141552, 32.3079586 46.8140377, 32.3075187 46.8137844, 32.3069662 46.8134943, 32.306124 46.8130317, 32.3043537 46.8139679, 32.3038521 46.813621, 32.3023796 46.814291, 32.3014676 46.8133915))",village
Мирне|Мирное,"POLYGON((32.2446643 46.7106208, 32.2432534 46.7053887, 32.2446007 46.7032911, 32.2486434 46.7027773, 32.2487049 46.7030053, 32.2502885 46.7028043, 32.2517392 46.7081805, 32.2493052 46.7084893, 32.2499985 46.7110594, 32.2477547 46.711344, 32.2474639 46.7102659, 32.2446643 46.7106208))",village
Мирное|Мирне,POINT(30.378593 46.467545),village
Михайловка|Михайлівка,POINT(30.267679 46.676102),village
Михайловка|Михайлівка,POINT(29.6950448 45.9508544),village
Михайловка|Михайлівка,"POLYGON((31.4289537 46.7661704, 31.4285023 46.764459, 31.4270925 46.7644751, 31.426762 46.7622187, 31.4266912 46.7613286, 31.4266088 46.7592069, 31.4258024 46.7591038, 31.4260943 46.7578102, 31.4267048 46.7567215, 31.4273371 46.7562775, 31.429888 46.7544703, 31.4306091 46.7547537, 31.4306781 46.7548039, 31.4307663 46.7548325, 31.4319488 46.7539358, 31.4328022 46.7542975, 31.4336022 46.7552319, 31.4333386 46.7557949, 31.4325695 46.7573945, 31.431664 46.7593535, 31.431636 46.7605761, 31.432288 46.7620868, 31.4323852 46.7637741, 31.4323772 46.7653442, 31.4318966 46.7661939, 31.4307241 46.7663823, 31.4289537 46.7661704))",village
Надия|Надія,POINT(30.0630122 46.9627865),village
Надия|Надія,"POLYGON((29.6452357 46.2343263, 29.64451 46.2338764, 29.6452703 46.2309091, 29.6433416 46.2306392, 29.6430028 46.2304908, 29.6433801 46.2280137, 29.6437318 46.2271059, 29.644062 46.2267796, 29.644568 46.2232995, 29.6448511 46.2203326, 29.6469738 46.2203266, 29.6470824 46.2198828, 29.6507302 46.2204867, 29.6542652 46.2213134, 29.6562207 46.2217629, 29.6565081 46.2223889, 29.6563537 46.2229259, 29.6554408 46.2266646, 29.6553166 46.2266594, 29.6552925 46.2276518, 29.6546995 46.2298854, 29.6528345 46.2297605, 29.6527132 46.230521, 29.6529083 46.2305428, 29.6528942 46.2310169, 29.6518526 46.2346143, 29.6516279 46.234736, 29.6452357 46.2343263))",village
Нерубайское|Усатове|Усатово,"POLYGON((30.6031 46.51039, 30.6098 46.51098, 30.61075 46.51183, 30.61632 46.51243, 30.61432 46.51469, 30.60966 46.51979, 30.61002 46.52014, 30.60871 46.52084, 30.59541 46.53555, 30.59493 46.53382, 30.59099 46.53256, 30.59127 46.53193, 30.59191 46.52855, 30.5934 46.52077, 30.59975 46.52131, 30.60056 46.52097, 30.60108 46.51903, 30.60178 46.51585, 30.60218 46.5131, 30.6031 46.51039))",street
Николаевка|Миколаївка,POINT(30.2883416 46.6395636),village
Николаевка|Миколаївка,POINT(30.3343362 46.3068537),village
Николаевка|Миколаївка,POINT(30.219248 45.902611),village
Нове|Новое,"POLYGON((31.6915213 46.8714604, 31.6897285 46.8707088, 31.6900289 46.8696379, 31.6918957 46.8665865, 31.6925609 46.865002, 31.6931789 46.8644389, 31.6936295 46.8628838, 31.6937972 46.8610497, 31.6944422 46.8608985, 31.6955366 46.8605463, 31.6965451 46.8605023, 31.6977896 46.860605, 31.698208 46.8608966, 31.6985728 46.8611974, 31.6987874 46.8612854, 31.6997959 46.8613588, 31.6998818 46.8618136, 31.6997406 46.8640946, 31.6990583 46.8653779, 31.6974687 46.8669587, 31.697666 46.8681949, 31.697213 46.8694562, 31.6963117 46.8713339, 31.695094 46.8717208, 31.6942357 46.8718089, 31.6935276 46.8718382, 31.6915213 46.8714604))",village
Нововладимировка|Нововолодимирівка,POINT(29.5202998 46.9376338),village
Нововладимировка|Нововолодимирівка,POINT(32.3968521 46.2494052),village
Новодмитровка|Новодмитрівка,POINT(30.300289 46.789742),village
Новодмитровка|Новодмитрівка,POINT(32.315941 46.61087),village
Новое|Нове,POINT(30.127819 46.643421),village
Новое|Нове,POINT(29.87492 45.900188),village
Новомиколаївка|Новониколаевка,"POLYGON((32.349734 46.9651835, 32.3504636 46.963353, 32.3508069 46.9613467, 32.3511288 46.9599554, 32.349819 46.9578794, 32.3488524 46.9571375, 32.3501669 46.9519807, 32.3503956 46.9512261, 32.3503194 46.951044, 32.350796 46.9507381, 32.3565326 46.9511804, 32.3625163 46.9520008, 32.3617303 46.954717, 32.3609319 46.9577349, 32.3606986 46.9581959, 32.3603916 46.9597634, 32.360674 46.9600987, 32.3660614 46.960885, 32.3656333 46.9625365, 32.365526 46.9647771, 32.3672641 46.9657289, 32.3679722 46.9681157, 32.3693669 46.9686429, 32.369088 46.9708099, 32.3683584 46.9745728, 32.367616 46.9772937, 32.353825 46.975308, 32.3533389 46.97525, 32.3527596 46.9741519, 32.352266 46.9738152, 32.3520515 46.9732734, 32.3519656 46.972351, 32.3516652 46.9713993, 32.3514292 46.9705501, 32.3513219 46.9698912, 32.3513863 46.9695251, 32.3512575 46.9691444, 32.3508284 46.9690126, 32.3498413 46.9688955, 32.3493692 46.9689101, 32.3490045 46.968976, 32.3489615 46.9686685, 32.3492834 46.967175, 32.349734 46.9651835))",village
Новомихайловка|Новомихайлівка,POINT(30.07095 45.838741),village
Новомихайловка|Новомихайлівка,"POLYGON((31.7166903 46.8812071, 31.7176009 46.8781185, 31.7180484 46.8780924, 31.7179592 46.8766823, 31.7181986 46.8754228, 31.7185009 46.8743316, 31.7200747 46.8745197, 31.7201847 46.874601, 31.7203515 46.8746026, 31.720341 46.874713, 31.7194458 46.8782821, 31.7225376 46.8785709, 31.7237179 46.8739373, 31.7257548 46.8742158, 31.7251166 46.87718, 31.7247952 46.8779102, 31.7244987 46.878812, 31.7243924 46.8791354, 31.7239035 46.8815672, 31.7217354 46.8813042, 31.7215996 46.8817528, 31.7190467 46.881462, 31.7184945 46.8815703, 31.7166903 46.8812071))",village
Новониколаевка|Новомиколаївка,POINT(30.82077 46.964149),village
Новоселівка|Новосёловка,"POLYGON((32.3859562 47.0020065, 32.38674 46.9997157, 32.3883634 46.9999448, 32.389368 46.9995919, 32.3906769 46.9957284, 32.3935308 46.9957869, 32.3977579 46.996665, 32.4010624 46.9977626, 32.403809 46.9988017, 32.4038136 46.9992272, 32.4037594 46.999809, 32.4024747 47.0033941, 32.402223 47.0037908, 32.4016847 47.0041284, 32.3930587 47.0031918, 32.3896684 47.0027236, 32.3859562 47.0020065))",village
Новосёловка|Новоселівка,POINT(29.9242928 46.9876815),village
Новосёловка|Новоселівка,POINT(30.2849892 46.9251453),village
Новосёловка|Новоселівка,POINT(31.4514435 46.747541),village
Новосёловка|Новоселівка,POINT(29.6150598 46.0024824),village
Новофедорівка|Новофёдоровка,"POLYGON((32.310384 46.1826921, 32.309754 46.1709983, 32.3091393 46.1595758, 32.3123573 46.1600289, 32.3236647 46.1607338, 32.3244473 46.1738015, 32.3298001 46.1742579, 32.3282108 46.182609, 32.3252143 46.1823244, 32.3230221 46.1823385, 32.3225535 46.1823578, 32.3179723 46.1825547, 32.3132946 46.1827144, 32.310384 46.1826921))",village
Новофёдоровка|Новофедорівка,POINT(31.3098899 46.7740645),village
Олександрівка,"POLYGON((30.860028 46.5997305, 30.8641763 46.6003641, 30.8644708 46.5995729, 30.8669155 46.5991949, 30.8694338 46.5999518, 30.8721939 46.6012542, 30.8719277 46.6015513, 30.8770169 46.6047922, 30.8766586 46.6051648, 30.8780989 46.605742, 30.8787668 46.6061778, 30.8792087 46.6060331, 30.880568 46.6063461, 30.8813425 46.6082429, 30.8812475 46.6089989, 30.8783102 46.6103097, 30.8768219 46.6112657, 30.8751585 46.613147, 30.8736935 46.6125304, 30.8730834 46.6124382, 30.8732666 46.6119, 30.8735839 46.6119608, 30.8735924 46.6117028, 30.8733935 46.6092285, 30.8720248 46.6092063, 30.8703413 46.6093101, 30.8697391 46.6094444, 30.864926 46.6111427, 30.8633786 46.6091024, 30.8646102 46.6059002, 30.8650854 46.6058356, 30.8654481 46.6052865, 30.8657492 46.604551, 30.8626282 46.6041084, 30.8624086 46.6046998, 30.8622615 46.6049179, 30.8620052 46.6054905, 30.8615182 46.6057382, 30.8577059 46.6050981, 30.8580358 46.604429, 30.8526574 46.6033678, 30.8544169 46.5992716, 30.8598417 46.6002648, 30.860028 46.5997305))",village
Олександрівка,"POLYGON((30.3726922 46.7510819, 30.3734089 46.750809, 30.3737973 46.750942, 30.3741557 46.7512072, 30.3753104 46.7524973, 30.3754761 46.7541514, 30.3740263 46.7542428, 30.3738606 46.7533587, 30.3735007 46.7522004, 30.373322 46.7518416, 30.3730872 46.7514986, 30.3726922 46.7510819))",village
Петровка|Петрівка,POINT(30.0297604 46.9445434),village
Петровка|Петрівка,"POLYGON((29.9470146 46.310068, 29.9476063 46.3109214, 29.9478117 46.3113522, 29.9550933 46.3063968, 29.9605956 46.3030852, 29.962284 46.3043973, 29.9621929 46.3048601, 29.9621303 46.3051778, 29.9617262 46.3072299, 29.9595404 46.3090106, 29.9608232 46.3097604, 29.9600228 46.3116867, 29.9555204 46.3152161, 29.9529829 46.3172051, 29.9506915 46.316268, 29.9500735 46.316747, 29.950063 46.3175935, 29.9433027 46.3184842, 29.9441126 46.3168361, 29.9433451 46.3161441, 29.9383565 46.3193097, 29.9362311 46.3187448, 29.9355308 46.3185587, 29.9341256 46.3179915, 29.9339859 46.3175333, 29.9326256 46.3174627, 29.9354052 46.3147613, 29.936311 46.3136404, 29.9392038 46.3120703, 29.9410853 46.3110491, 29.9470146 46.310068))",village
Петровка|Петрівка,"POLYGON((31.7523744 46.9955902, 31.7554 46.9950633, 31.7571809 46.9948584, 31.7587688 46.9949755, 31.7602065 46.9951512, 31.7603841 46.9942984, 31.7608848 46.9920838, 31.761173 46.9917319, 31.7621289 46.9918354, 31.7625841 46.9916802, 31.7650988 46.9922094, 31.7701628 46.990614, 31.7721611 46.9874341, 31.7754776 46.9878494, 31.7739579 46.9907083, 31.7805825 46.9916813, 31.779934 46.9940352, 31.7700019 46.992707, 31.7688539 46.9935705, 31.7693671 46.9941609, 31.7694422 46.9947097, 31.7687663 46.995361, 31.7687082 46.9955117, 31.7688073 46.99563, 31.7691262 46.9958074, 31.7695287 46.9959911, 31.7700519 46.9960798, 31.7700271 46.9962867, 31.7696928 46.9969688, 31.7693778 46.9973293, 31.7689487 46.9988366, 31.7691064 46.9990313, 31.7691692 46.999604, 31.7687722 47.0014405, 31.7682466 47.0017039, 31.7669377 47.0020551, 31.7651417 47.0020294, 31.7622235 47.0016635, 31.7616871 47.0042536, 31.7608717 47.0070777, 31.7607028 47.0077426, 31.755939 47.0072245, 31.7554429 47.0068436, 31.7555287 47.0045316, 31.7539623 47.0039756, 31.7517522 47.0039024, 31.7504432 47.0045316, 31.7486135 47.0040812, 31.7491044 47.0031131, 31.7504305 47.0002106, 31.7513659 46.997405, 31.7523744 46.9955902))",village
Покровка,POINT(30.1293471 46.7757775),village
Покровка,POINT(31.6897622 46.4803614),village
Прибугское|Прибузьке,"POLYGON((31.8769837 46.7411324, 31.8782563 46.7384787, 31.8814009 46.7385671, 31.8815725 46.7381259, 31.8822806 46.7381112, 31.8800573 46.7369232, 31.880581 46.7359548, 31.8845524 46.7362393, 31.8857139 46.7371994, 31.8859714 46.73742, 31.8866151 46.7373906, 31.8870442 46.7376553, 31.8873077 46.7383946, 31.8865507 46.7404052, 31.885907 46.7409052, 31.8860178 46.7412816, 31.8848505 46.7413997, 31.8821385 46.7414799, 31.8805587 46.7415107, 31.8769837 46.7411324))",village
Прибугское|Прибузьке,"POLYGON((32.0819559 46.7765677, 32.0804678 46.7763634, 32.0810592 46.7716053, 32.0813171 46.7685879, 32.0836371 46.7680341, 32.0869663 46.7682641, 32.0867718 46.7697704, 32.0909925 46.7708377, 32.091794 46.7709458, 32.0916545 46.7710781, 32.0905387 46.7743921, 32.0904314 46.7750166, 32.0904314 46.7752297, 32.0906567 46.7752958, 32.0981347 46.7762216, 32.0987463 46.7762731, 32.0991647 46.7763245, 32.1054304 46.777074, 32.1056664 46.7770887, 32.1057729 46.777476, 32.1051004 46.7799449, 32.1043906 46.7828614, 32.1025413 46.7827079, 32.1019061 46.7827591, 32.1016633 46.7829765, 32.1009721 46.7851382, 32.1004491 46.7865964, 32.1000195 46.7872743, 32.0977031 46.7870952, 32.0977779 46.7858801, 32.095828 46.7854495, 32.0890582 46.7845753, 32.0888436 46.7845753, 32.0883994 46.7844755, 32.0860416 46.7841353, 32.0872984 46.7808403, 32.0877093 46.7785506, 32.0890169 46.7785122, 32.0894279 46.7772585, 32.0819559 46.7765677))",village
Приморское|Приморське,POINT(30.2823947 45.9705543),village
Приморское|Приморське,"POLYGON((32.4007665 46.1057777, 32.4021296 46.0994722, 32.4017667 46.0959924, 32.4015066 46.0927223, 32.4014959 46.0925876, 32.4229082 46.088261, 32.4242754 46.0913312, 32.4238337 46.0915161, 32.4228437 46.0916796, 32.421123 46.0920164, 32.417822 46.0926063, 32.4141552 46.1073011, 32.4108224 46.1077862, 32.4025396 46.1076365, 32.4020815 46.1076282, 32.4007665 46.1057777))",village
Приозёрное|Приозерне,POINT(29.9302974 46.7979069),village
Приозёрное|Приозерне,POINT(32.470428 46.63662),village
Ройлянка,POINT(29.78668 46.28849),village
Ройлянка,POINT(29.920919 45.837021),village
Садовое|Садове,POINT(32.180763 46.357613),village
Садовое|Садове,POINT(30.2059538 46.2360321),village
Садовое|Садове,POINT(30.0855336 45.9071755),village
Семенівка|Семёновка,"POLYGON((30.1160638 46.2812753, 30.116487 46.2803743, 30.1144612 46.2798311, 30.1181445 46.2773915, 30.1165857 46.275172, 30.1192689 46.2730928, 30.1201888 46.2730805, 30.1208116 46.2737983, 30.1271711 46.2712371, 30.1287137 46.2732136, 30.1283727 46.2733538, 30.1252177 46.274573, 30.1261626 46.2786282, 30.1261842 46.2805235, 30.1263822 46.2871463, 30.1243847 46.2873137, 30.1207908 46.2876879, 30.1206252 46.287676, 30.1204662 46.2876257, 30.1198121 46.2870433, 30.116614 46.2869772, 30.1160638 46.2812753))",village
Семёновка|Semionovca,POINT(29.5162594 46.5149471),village
Сергеевка|Сергіївка,POINT(30.37273 46.02756),town
Сергеевка|Сергіївка,POINT(29.959721 45.996658),village
Слободзея,"POLYGON((29.7657115 46.7146447, 29.7710377 46.7112904, 29.7780272 46.7168363, 29.7731005 46.719531, 29.7858962 46.7298186, 29.7913711 46.7273103, 29.7943146 46.725104, 29.8069102 46.7278692, 29.8226601 46.7310756, 29.9066455 46.7482366, 29.9055445 46.7496774, 29.898206 46.7534833, 29.8885206 46.7583558, 29.8554327 46.7749554, 29.8122683 46.7967158, 29.7732168 46.7851401, 29.7358034 46.774141, 29.7147836 46.7691378, 29.667529 46.7624195, 29.6665479 46.7588521, 29.6664502 46.7558383, 29.6666148 46.755185, 29.6668432 46.7545866, 29.6670417 46.7540666, 29.6678475 46.7519558, 29.6694543 46.7499263, 29.6704012 46.7487303, 29.6707009 46.7472314, 29.6710458 46.7455063, 29.67122 46.7446352, 29.6714762 46.7436339, 29.6719255 46.7418774, 29.6729211 46.7379856, 29.6732737 46.737029, 29.6739242 46.7351189, 29.6744743 46.7345028, 29.6748115 46.7343513, 29.6753014 46.7342302, 29.6758381 46.7342028, 29.676442 46.7342685, 29.6768175 46.7343855, 29.6771557 46.7345393, 29.6801403 46.7392909, 29.6806778 46.7399843, 29.681416 46.7404088, 29.682262 46.7404933, 29.6829948 46.7404296, 29.6835094 46.7401701, 29.6847443 46.7393097, 29.6888849 46.7345259, 29.6892228 46.7339762, 29.6894341 46.7333385, 29.6897764 46.7319432, 29.6897596 46.7313102, 29.6896167 46.7306004, 29.6875955 46.7261178, 29.6874883 46.7254681, 29.6874799 46.7249586, 29.6880037 46.723756, 29.6893418 46.7201384, 29.6906035 46.717056, 29.6935836 46.713735, 29.694387 46.7125011, 29.6947612 46.7112378, 29.6946912 46.7094198, 29.6930763 46.7046002, 29.6919174 46.7023761, 29.6903722 46.7003285, 29.6878923 46.6981184, 29.6846829 46.6961143, 29.6817131 46.6943232, 29.6781239 46.6927552, 29.6718915 46.6908529, 29.6709839 46.690303, 29.6704355 46.6895889, 29.6703855 46.6890465, 29.6707318 46.6882711, 29.6713935 46.6873861, 29.6716535 46.6868433, 29.6716909 46.686383, 29.6716846 46.6859954, 29.6703965 46.6831999, 29.6690903 46.6807272, 29.6724957 46.6800886, 29.6806061 46.6823767, 29.6876834 46.6856498, 29.6880851 46.6855317, 29.6886277 46.6852332, 29.6906276 46.6837159, 29.6921964 46.6830035, 29.692962 46.6831571, 29.7177413 46.6914938, 29.7181294 46.6916387, 29.730755 46.6961814, 29.7494391 46.7032474, 29.7578476 46.7062822, 29.7613208 46.710338, 29.7614411 46.7111255, 29.7654534 46.7142997, 29.7657115 46.7146447))",town
Слободзея|Slobozia,POINT(29.7383833 46.5050188),village
Солнечное|Сонячне,POINT(30.3676436 46.6494938),village
Солнечное|Сонячне,"POLYGON((31.5993753 46.799493, 31.6022894 46.7995889, 31.6026724 46.8010786, 31.6032047 46.8020312, 31.6043792 46.8043312, 31.6081558 46.8048012, 31.6080914 46.8059761, 31.605259 46.8066077, 31.605774 46.8091632, 31.605259 46.8118066, 31.6066752 46.8120269, 31.6072331 46.8126143, 31.6060803 46.8169221, 31.6057906 46.8172917, 31.6026177 46.8172172, 31.6022848 46.8171701, 31.6013322 46.8159037, 31.6012679 46.8146702, 31.6015897 46.8129374, 31.6025124 46.8101471, 31.6023836 46.8085463, 31.6016541 46.8073127, 31.6008816 46.8054621, 31.6008172 46.8039052, 31.6003237 46.802172, 31.5993753 46.799493))",village
Софиевка|Софіївка,"POLYGON((30.29371 46.0602601, 30.2912614 46.0600049, 30.291014 46.0609291, 30.2901981 46.0606425, 30.2901627 46.060376, 30.2897271 46.0599775, 30.2889731 46.05986, 30.2854128 46.0590245, 30.2849624 46.0590421, 30.2816157 46.0582147, 30.2806593 46.0578385, 30.2817326 46.0559482, 30.2810886 46.0556167, 30.2819093 46.0545687, 30.2861575 46.0559417, 30.2871254 46.0558361, 30.2878939 46.0554493, 30.2877676 46.0533838, 30.2863074 46.0515782, 30.2861295 46.0493038, 30.2863012 46.0476359, 30.2873311 46.0457295, 30.2879127 46.0455079, 30.2877112 46.0447314, 30.2877142 46.0421699, 30.2883571 46.0399126, 30.2885285 46.039572, 30.2887502 46.0394296, 30.2918046 46.0402534, 30.2916849 46.0376119, 30.2941203 46.0374476, 30.2944535 46.0410367, 30.2946644 46.0475448, 30.294664 46.0532781, 30.2942508 46.0602562, 30.29371 46.0602601))",village
Софиевка|Софіївка,"POLYGON((32.2435177 46.5993417, 32.2435009 46.5992377, 32.2436889 46.5990184, 32.2437782 46.5986062, 32.2440273 46.5974556, 32.2441825 46.596739, 32.2444518 46.5954486, 32.244659 46.5943202, 32.2446885 46.5940203, 32.2447516 46.5936862, 32.2448644 46.5934459, 32.2471547 46.5934605, 32.2480923 46.5925256, 32.2498962 46.592473, 32.2547372 46.5919688, 32.2587833 46.5909883, 32.262809 46.5895525, 32.2650358 46.5920423, 32.2661365 46.5951903, 32.2657436 46.5967766, 32.2633214 46.601899, 32.2586429 46.6010902, 32.2574273 46.6008595, 32.2569236 46.60077, 32.2561971 46.6006805, 32.2560493 46.6006689, 32.2545441 46.600525, 32.2523212 46.6002657, 32.2522189 46.6002496, 32.2494449 46.5999381, 32.2493282 46.5999243, 32.245504 46.599496, 32.2453431 46.5994713, 32.2438248 46.5993214, 32.2435177 46.5993417))",village
Степовое|Степове,"POLYGON((31.3098694 46.7685292, 31.3098287 46.7686749, 31.3095232 46.7697675, 31.3093325 46.7704761, 31.309247 46.7709571, 31.3110182 46.7710478, 31.3129647 46.7711636, 31.3130435 46.7704256, 31.3151099 46.7706379, 31.3145086 46.7739624, 31.3138911 46.7773235, 31.3134895 46.779096, 31.3134318 46.7792239, 31.3133629 46.7795766, 31.3132374 46.7801257, 31.3131374 46.7805047, 31.3129141 46.7806997, 31.3125267 46.7807383, 31.3118797 46.7806892, 31.3110987 46.7803955, 31.3097039 46.7801749, 31.3096744 46.780705, 31.3094506 46.7817413, 31.3090159 46.7817863, 31.3063831 46.7816816, 31.3061287 46.7815889, 31.305867 46.7809868, 31.305669 46.7808215, 31.3043044 46.7803493, 31.3046473 46.7756595, 31.3046341 46.7739812, 31.305278 46.7705254, 31.3057999 46.7689094, 31.3062313 46.7678315, 31.3056788 46.767735, 31.3061746 46.7656675, 31.3068376 46.7657345, 31.3072914 46.7643018, 31.3106285 46.7647588, 31.3107347 46.7647067, 31.3112352 46.7633211, 31.3115868 46.7633685, 31.3173553 46.7641453, 31.3174238 46.7641545, 31.3171601 46.7648938, 31.3170123 46.7659329, 31.3163361 46.7671346, 31.315527 46.7693181, 31.3098694 46.7685292))",village
Степовое|Степове,POINT(30.7583965 46.7842278),village
Степовое|Степове,POINT(30.0748914 46.7036462),village
Тузли|Тузлы,"POLYGON((31.3855487 46.6930011, 31.387053 46.6913214, 31.3875664 46.6909394, 31.3880076 46.6909765, 31.3892464 46.6914349, 31.3909622 46.692269, 31.3909609 46.6925776, 31.3893446 46.6942875, 31.3878606 46.6956105, 31.3871818 46.6961016, 31.3836964 46.6985145, 31.3829408 46.6988448, 31.3805967 46.7006778, 31.3824803 46.7016193, 31.3793911 46.7047906, 31.3769888 46.7033935, 31.3680557 46.7100221, 31.3666742 46.7092002, 31.3666205 46.7093309, 31.3660788 46.7106502, 31.3651873 46.710296, 31.3625563 46.7098558, 31.3602514 46.7089773, 31.3602217 46.7086752, 31.3605609 46.7081536, 31.3619817 46.7069685, 31.3623923 46.7066985, 31.3622295 46.7064055, 31.3660893 46.7036685, 31.3690909 46.7014656, 31.3683279 46.7008062, 31.371227 46.6987402, 31.3704769 46.698167, 31.372862 46.6957728, 31.3741657 46.6966047, 31.3767719 46.6947179, 31.3783759 46.6937339, 31.3796385 46.6945708, 31.3820699 46.6930347, 31.3833939 46.6928502, 31.3855487 46.6930011))",village
Тузлы|Тузли,POINT(30.08778 45.871349),village
Украинка|Українка,"POLYGON((32.134451 46.8180352, 32.1457377 46.8193274, 32.1461089 46.8188913, 32.1464989 46.8189906, 32.1484354 46.8192073, 32.148417 46.819446, 32.149344 46.8195873, 32.1497478 46.8195088, 32.1499083 46.8195274, 32.1518284 46.8197695, 32.1497078 46.8290022, 32.1496001 46.8303389, 32.1484843 46.8300746, 32.1483555 46.8309554, 32.1366396 46.8305738, 32.1366675 46.8294918, 32.1355668 46.8291938, 32.1314469 46.8286065, 32.134451 46.8180352))",village
Украинка|Українка,"POLYGON((31.1832593 46.7325569, 31.1839571 46.7307428, 31.1849026 46.7276196, 31.1850688 46.727154, 31.1855885 46.7268053, 31.1876628 46.72629, 31.1888596 46.7261203, 31.1899744 46.725742, 31.1929135 46.7257041, 31.193102 46.7252377, 31.1947933 46.7255514, 31.1949352 46.7250707, 31.195147 46.7246284, 31.1962186 46.7248221, 31.1969677 46.725683, 31.1965224 46.7278589, 31.1958331 46.7300795, 31.1954196 46.7300313, 31.1946936 46.7322096, 31.1945493 46.7322477, 31.1929977 46.7320035, 31.1926271 46.7318812, 31.1909204 46.731615, 31.1901199 46.7344555, 31.1905661 46.7345267, 31.190086 46.7359557, 31.1878228 46.7356733, 31.1860564 46.7410954, 31.1846567 46.7408788, 31.1845042 46.7408897, 31.1843795 46.7409436, 31.1843002 46.7410445, 31.1842724 46.7412235, 31.1841628 46.7416508, 31.1839787 46.7419552, 31.1817357 46.7416704, 31.1815388 46.742462, 31.1789192 46.742165, 31.178825 46.7424094, 31.1786179 46.7423576, 31.1777905 46.7450522, 31.1792935 46.745201, 31.1791189 46.7457943, 31.177467 46.7456072, 31.1762842 46.7487638, 31.1724626 46.7477387, 31.1723856 46.7446783, 31.1738076 46.7446255, 31.1742696 46.7440726, 31.175575 46.7439166, 31.1754664 46.7435383, 31.1754761 46.7433153, 31.1756576 46.742973, 31.1759366 46.7427518, 31.1780838 46.7414762, 31.1789125 46.7411053, 31.1793151 46.7404538, 31.1808537 46.7388125, 31.181742 46.7370577, 31.1819595 46.7359706, 31.1830439 46.7332193, 31.1819921 46.7330727, 31.1821222 46.7324151, 31.1832593 46.7325569))",village
Ульяновка|Улянівка,POINT(30.76103 46.92432),village
Ульяновка|Улянівка,POINT(30.8627653 46.8459277),village
Усатово|Усатове,POINT(30.654261 46.537399),village
Цирк,"POLYGON((30.6922925 46.4273753, 30.692448 46.4267052, 30.6931609 46.4265646, 30.6930711 46.4275034, 30.6922925 46.4273753))",street
Черноморское|Чорноморське,POINT(30.9334115 46.5849122),town
Черноморское|Чорноморське,POINT(32.1738999 46.3070783),village
Чобручи|Cioburciu,POINT(29.7128803 46.6005751),village
Чобручи|Чобручі,"POLYGON((29.7651401 46.6968312, 29.7593736 46.6948581, 29.7590159 46.6947357, 29.752704 46.702534, 29.7518413 46.702504, 29.7513186 46.7024858, 29.7541827 46.6983347, 29.7479264 46.6962514, 29.7509237 46.6919136, 29.7486063 46.6911629, 29.7475119 46.6926936, 29.7406083 46.690231, 29.7372553 46.6924394, 29.7369331 46.6926516, 29.7366365 46.692847, 29.722267 46.6877773, 29.7220322 46.6876944, 29.7198591 46.6857195, 29.7226278 46.6817845, 29.7292792 46.6772363, 29.7331398 46.6739441, 29.7449645 46.6734976, 29.7487754 46.6724387, 29.7489685 46.672385, 29.7490682 46.6721448, 29.749487 46.6711361, 29.7522887 46.6706063, 29.7554214 46.6706063, 29.7587084 46.6707955, 29.762536 46.6747009, 29.7654812 46.6775163, 29.7717575 46.6798624, 29.7744048 46.6814289, 29.7742062 46.6822689, 29.7720746 46.6837021, 29.7715609 46.6864188, 29.7695341 46.6874632, 29.7687198 46.6883215, 29.7674327 46.6896783, 29.7691072 46.6914446, 29.7653672 46.6965229, 29.7651938 46.6967583, 29.7651401 46.6968312))",town
Чумаки,POINT(32.1763578 46.2903221),village
Чумаки,"POLYGON((31.766621 46.8786441, 31.766429 46.8784786, 31.7674076 46.874458, 31.7684418 46.8704575, 31.7684805 46.8702984, 31.7715531 46.8722609, 31.7710627 46.8728181, 31.7709401 46.8734197, 31.7736809 46.8736465, 31.775484 46.8748249, 31.7755201 46.8763583, 31.7777055 46.8765308, 31.7775036 46.8791291, 31.7669985 46.8785884, 31.766621 46.8786441))",village
Шевченкове|Шевченково,"POLYGON((32.2230211 46.9019722, 32.222948 46.9026411, 32.2220603 46.9057792, 32.2225867 46.9058185, 32.2206891 46.9121566, 32.215132 46.9115077, 32.2082172 46.9108632, 32.2082035 46.9107047, 32.2090905 46.9075723, 32.2101686 46.9032836, 32.2109776 46.9004391, 32.2115688 46.9006764, 32.211496 46.9012496, 32.2122458 46.9013503, 32.2130207 46.9008967, 32.2156035 46.9010649, 32.2163722 46.9011322, 32.2168448 46.9013646, 32.2179173 46.901476, 32.2220385 46.9019349, 32.2230211 46.9019722))",village
Шевченково|Шевченкове,POINT(30.097389 46.940121),village
Шевченково|Шевченкове,POINT(32.191662 46.862518),village
Шеметово|Шеметове,POINT(30.45719 46.837811),village
Шеметово|Шеметове,POINT(30.35317 46.83128),village
Широка Балка|Широкая Балка,"POLYGON((30.352593 46.5423331, 30.3505849 46.5380463, 30.3497477 46.5366762, 30.3493845 46.5363917, 30.3484133 46.5352093, 30.3468004 46.5326012, 30.3460221 46.5326421, 30.3462489 46.5301278, 30.3461618 46.5284968, 30.3501887 46.5290972, 30.3498654 46.5268239, 30.3557269 46.5257001, 30.3579135 46.527233, 30.3587286 46.5283256, 30.3595493 46.5309699, 30.3608244 46.5357419, 30.3624637 46.5356212, 30.3643361 46.5356926, 30.3649911 46.536751, 30.3650235 46.5369586, 30.3649373 46.5370826, 30.3646464 46.5371523, 30.3642531 46.5371804, 30.3634198 46.5371069, 30.3630219 46.5384239, 30.3615137 46.5384465, 30.3615766 46.5386864, 30.3576907 46.5386661, 30.3551649 46.5390096, 30.3579524 46.5453662, 30.3546628 46.5460967, 30.352593 46.5423331))",village
Широкая Балка|Широка Балка,POINT(32.195091 46.588211),village
Широке|Широкое,"POLYGON((30.0839829 45.9872306, 30.081909 45.9870282, 30.079831 45.9868255, 30.0810485 45.9838548, 30.0820253 45.9815529, 30.0780048 45.9808348, 30.0795479 45.9772636, 30.0767023 45.9768111, 30.0763484 45.9772144, 30.0746921 45.9768996, 30.0749752 45.9761027, 30.0753999 45.9746564, 30.0769996 45.9682806, 30.0779198 45.9668735, 30.0821952 45.9612349, 30.0805105 45.9606937, 30.0822376 45.9587648, 30.0859326 45.9602114, 30.0866263 45.9578987, 30.0885799 45.949513, 30.0938887 45.9506154, 30.0975411 45.9517867, 30.1027791 45.9520131, 30.1041807 45.9524462, 30.1053698 45.952899, 30.1028299 45.9574787, 30.1025372 45.9598866, 30.1015127 45.9621362, 30.1005045 45.9652674, 30.0994312 45.9672229, 30.0972417 45.9709417, 30.095804 45.9705427, 30.095585 45.9707382, 30.0947205 45.9727513, 30.092051 45.9785528, 30.0923085 45.9787466, 30.0930166 45.9790598, 30.0935101 45.9791194, 30.0936818 45.9792089, 30.0936818 45.9795817, 30.0937676 45.9801483, 30.0944113 45.9803869, 30.0992822 45.9811026, 30.0991535 45.9814604, 30.098145 45.9843978, 30.0945615 45.9840399, 30.0944113 45.9843083, 30.09027 45.9837865, 30.0871801 45.9823998, 30.0859141 45.9822507, 30.0839829 45.9872306))",village
Широкое|Широке,POINT(30.035589 46.896172),village
Широкое|Широке,POINT(31.0723189 46.8721941),village
Элеваторное|Елеваторне,POINT(31.5269764 46.7692386),village
Элеваторное|Елеваторне,POINT(31.4598207 46.7447062),village
вузовский,"POLYGON((30.7249429 46.4129238, 30.7246388 46.4126326, 30.7248151 46.4125454, 30.72512 46.4128374, 30.7249429 46.4129238))",street
железнодорожный вокзал|жд вокзал|жд|вокзал,"POLYGON((30.7399967 46.4668146, 30.7401157 46.4675552, 30.7413066 46.4674758, 30.7413411 46.4676936, 30.7399334 46.4678377, 30.7397305 46.4668349, 30.7399967 46.4668146))",infrastructure
куяльник,POINT(30.735358 46.556654),street
метро,"POLYGON((30.6603431 46.4489319, 30.6603263 46.4480359, 30.6623836 46.4480175, 30.662266 46.4485391, 30.6623987 46.4485379, 30.6624057 46.4489135, 30.6603431 46.4489319))",street
цирк,"POLYGON((30.7258511 46.4866734, 30.7263654 46.4869646, 30.726555 46.4868166, 30.7267672 46.4870068, 30.7266063 46.4871003, 30.7266871 46.4872917, 30.7262496 46.4873984, 30.7253937 46.486874, 30.7257407 46.4866044, 30.7258511 46.4866734))",street
